CustomerID,FirstName,LastName,Email,Phone,Address,City,State,Zipcode
100,Teressa,Jordin,tjordin8@ovcaa.org,1(215)950-6571,1 South Road,Philadelphia,PA,19178
101,Isabeau,Fortie,ifortiea@gmail.com,1(215)390-7974,24493 Pepper Wood Terrace,Philadelphia,PA,19196
102,Torry,McKevitt,tmckevittg@gmail.com,1(215)332-4420,783 Boyd Court,Philadelphia,PA,19191
103,Delinda,Andrioli,dandriolih@yahoo.com,1(215)964-0847,9788 Florence Terrace,Philadelphia,PA,19172
104,Lise,Searsby,lsearsbyk@gmail.com,1(267)826-3556,9193 Mendota Pass,Philadelphia,PA,19151
105,Perceval,Edscer,pedscerm@gmail.com,1(215)131-3183,078 Hudson Junction,Philadelphia,PA,19125
106,Janice,Parman,jparmanv@aol.com,1(215)718-2038,43394 Crescent Oaks Terrace,Philadelphia,PA,19093
107,Jill,MacConnell,jmacconnellw@yahoo.com,1(215)832-2265,37 Rusk Street,Philadelphia,PA,19125
108,Valeria,McMurraya,vmcmurraya12@gmail.com,1(215)433-3544,7 Mcguire Terrace,Philadelphia,PA,19160
109,Kirsten,Laugherane,klaugherane13@hplussport.com,1(215)239-3665,020 Susan Street,Philadelphia,PA,19178
110,Fan,Tapenden,ftapenden14@ovcaa.org,1(215)608-7546,1 Loomis Circle,Philadelphia,PA,19109
111,Meggy,Phipps,mphipps1b@gmail.com,1(215)608-8575,8171 Spenser Pass,Philadelphia,PA,19141
112,Lew,Lyddyard,llyddyard1c@leafandmortar.com,1(267)770-5004,1765 New Castle Place,Philadelphia,PA,19120
113,Caryn,Nozzolii,cnozzolii1d@yahoo.co.jp,1(215)496-4061,0 Russell Plaza,Philadelphia,PA,19131
114,Clarence,Deppen,cdeppen1h@nih.gov,1(215)411-8970,62 Ruskin Center,Philadelphia,PA,19136
115,Jerrie,Clace,jclace1m@blogger.com,1(215)108-9735,7229 Riverside Drive,Philadelphia,PA,19196
116,Amalee,Copperwaite,acopperwaite1s@gmail.com,1(215)776-9669,5 East Hill,Philadelphia,PA,19104
117,Emelia,Perillo,eperillo1t@yahoo.com,1(267)345-4550,412 Elka Parkway,Philadelphia,PA,19115
118,Fletch,Rounce,frounce1z@kineteco.com,1(267)173-3443,243 Linden Way,Philadelphia,PA,19120
119,Nonnah,Heaps,nheaps23@charter.com,1(215)183-3228,731 Forest Run Trail,Philadelphia,PA,19184
120,Chic,Harrinson,charrinson25@gmail.com,1(215)429-9646,5194 Forster Place,Philadelphia,PA,19093